location_id,location_name,state,country_code,latitude,longitude,reason
600,"""Chookie Site"", Elderslie Station (AODL 0120)",Queensland,AU,-22.199722,142.528610,nearest_geology_over_10km (53.402 km)
82,"""Rock Hole"", Rosebery Downs, Muttaburra",Queensland,AU,-22.667500,144.600555,nearest_geology_over_10km (94.969 km)
117,"-447 feet, Borehole 2, Cleeve, near Longreach",Queensland,AU,-23.433332,144.399994,nearest_geology_over_10km (31.970 km)
116,"-519 feet, Borehole 2, Cleeve, near Longreach",Queensland,AU,-23.433332,144.399994,nearest_geology_over_10km (31.970 km)
623,1 km upstream from Six Mile Yard (Nawagaspis type-loc),Queensland,AU,-19.481947,144.710526,nearest_geology_over_10km (65.086 km)
621,"10 km south east of Springvale, near the Narrien Range",Queensland,AU,-22.883333,146.824173,nearest_geology_over_10km (72.218 km)
166,4 miles SW of Eungella Station,Queensland,AU,-21.155001,148.164993,nearest_geology_over_10km (24.292 km)
624,4.5 km upstream from Six Mile Yard (Wurungaspis type-loc),Queensland,AU,-19.467501,144.754715,nearest_geology_over_10km (64.537 km)
612,"AODL 0049, Mick, west of Winton",Queensland,AU,-22.383057,142.941391,nearest_geology_over_10km (15.679 km)
613,"AODL 0079, McKenzie, Elderslie Station",Queensland,AU,-22.290556,142.471939,nearest_geology_over_10km (49.009 km)
610,"AODL 0080, Bob, Belmont Station",Queensland,AU,-22.079445,143.510284,nearest_geology_over_10km (52.661 km)
614,"AODL 0117, Dixie, Elderslie Station",Queensland,AU,-22.290556,142.471939,nearest_geology_over_10km (49.009 km)
615,"AODL 0125, Trixie, Elderslie Station",Queensland,AU,-22.290556,142.471939,nearest_geology_over_10km (49.009 km)
607,"AODL 0128, Devil Dave, Belmont Station",Queensland,AU,-22.079721,143.510559,nearest_geology_over_10km (52.667 km)
609,"AODL 0137, Elderslie Station",Queensland,AU,-22.290556,142.471939,nearest_geology_over_10km (49.009 km)
611,"AODL 0160, Patrice, Lovelle Downs Station",Queensland,AU,-22.146111,142.536118,nearest_geology_over_10km (50.486 km)
608,"AODL 0215, Ian, Elderslie Station",Queensland,AU,-22.290556,142.471939,nearest_geology_over_10km (49.009 km)
616,"AODL 0247, Leo, Belmont Station",Queensland,AU,-22.079445,143.510559,nearest_geology_over_10km (52.684 km)
332,Accord,Queensland,AU,-23.466667,144.866669,nearest_geology_over_10km (17.883 km)
178,Alderly station,Queensland,AU,-20.841667,143.895828,nearest_geology_over_10km (148.317 km)
86,Alni Station,Queensland,AU,-22.183332,142.466660,nearest_geology_over_10km (58.610 km)
604,"Ann site, Elderslie Station (AODL 0252)",Queensland,AU,-22.250000,142.500000,nearest_geology_over_10km (54.131 km)
153,Aramac [Tambo Series],Queensland,AU,-22.966667,145.250000,nearest_geology_over_10km (83.054 km)
184,"Army Downs, 35 miles north of Richmond",Queensland,AU,-20.221111,143.133331,nearest_geology_over_10km (95.591 km)
326,Ashgrove Station,Queensland,AU,-20.883329,143.800003,nearest_geology_over_10km (149.242 km)
55,"B220, W of Pyramid, Ukalunda Beds",Queensland,AU,-20.850000,147.166672,nearest_geology_over_10km (88.143 km)
56,"B610F, W of Pyramid, Ukalunda Beds",Queensland,AU,-20.850000,147.166672,nearest_geology_over_10km (88.143 km)
54,"B76F, Mary Creek, Ukalunda Beds",Queensland,AU,-20.850000,147.166672,nearest_geology_over_10km (88.143 km)
53,"B84F, Mary Creek, Ukalunda Beds",Queensland,AU,-20.850000,147.166672,nearest_geology_over_10km (88.143 km)
384,"BMR B1569, Collinsville",Queensland,AU,-20.804167,147.687500,nearest_geology_over_10km (39.089 km)
119,"BMR B1570, Parrot Creek, Mulgrave Yards",Queensland,AU,-20.788000,147.746002,nearest_geology_over_10km (35.383 km)
172,"BMR B1572, Parrot Creek, Mulgrave Road Crossing",Queensland,AU,-20.788000,147.746002,nearest_geology_over_10km (35.383 km)
312,"BMR B1633, Collinsville",Queensland,AU,-20.816668,147.683334,nearest_geology_over_10km (38.698 km)
379,"BMR B1633a, Collinsville",Queensland,AU,-20.816668,147.683334,nearest_geology_over_10km (38.698 km)
380,"BMR B1633b, Collinsville",Queensland,AU,-20.816668,147.683334,nearest_geology_over_10km (38.698 km)
120,"BMR B1634, Collinsville",Queensland,AU,-20.833332,147.699997,nearest_geology_over_10km (36.255 km)
382,"BMR B261d, Nebo Synclinorium",Queensland,AU,-20.741667,147.949997,nearest_geology_over_10km (29.191 km)
121,"BMR B261e, Nebo Synclinorium",Queensland,AU,-20.741667,147.949997,nearest_geology_over_10km (29.191 km)
122,"BMR B270a, Exmoor Homestead",Queensland,AU,-20.950001,148.133331,nearest_geology_over_10km (14.918 km)
370,"BMR B594, Collinsville area",Queensland,AU,-20.830000,147.699997,nearest_geology_over_10km (36.446 km)
123,"BMR B628, Collinsville Shelf",Queensland,AU,-20.820833,147.716660,nearest_geology_over_10km (35.540 km)
381,"BMR B629, Collinsville",Queensland,AU,-20.924999,147.687500,nearest_geology_over_10km (33.503 km)
124,"BMR B634, Bowen Basin",Queensland,AU,-20.941999,147.688004,nearest_geology_over_10km (33.030 km)
125,"BMR B635, Collinsville Shelf",Queensland,AU,-20.941668,147.699997,nearest_geology_over_10km (31.817 km)
126,"BMR B683, Exmoor Homestead",Queensland,AU,-20.945000,148.132996,nearest_geology_over_10km (15.102 km)
127,"BMR B686, Nebo Synclinorium",Queensland,AU,-20.929167,148.141663,nearest_geology_over_10km (16.685 km)
383,"BMR B711, Bowen River",Queensland,AU,-20.941668,148.137497,nearest_geology_over_10km (15.681 km)
128,"BMR B712, Nebo Synclinorium",Queensland,AU,-20.941668,148.133331,nearest_geology_over_10km (15.288 km)
314,"BMR C113, Capella Block",Queensland,AU,-22.379999,148.000000,nearest_geology_over_10km (42.254 km)
317,"BMR C1318/1, Clermont area",Queensland,AU,-22.110001,148.179993,nearest_geology_over_10km (22.219 km)
315,"BMR C144/3, Capella Block",Queensland,AU,-22.379999,148.000000,nearest_geology_over_10km (42.254 km)
129,"BMR CL12/1, Pelecypod Bed, Capella Block",Queensland,AU,-22.110001,148.179993,nearest_geology_over_10km (22.219 km)
130,"BMR CL12/2, Clarkei Bed, Capella Block",Queensland,AU,-22.110001,148.179993,nearest_geology_over_10km (22.219 km)
131,"BMR CL132, Clarkei Bed, Capella Block",Queensland,AU,-22.400000,147.899994,nearest_geology_over_10km (45.654 km)
363,"BMR CL132B, Clarkei Bed, Capella Block",Queensland,AU,-22.400000,147.899994,nearest_geology_over_10km (45.654 km)
132,"BMR CL14, Capella Block",Queensland,AU,-22.379999,148.000000,nearest_geology_over_10km (42.254 km)
133,"BMR CL142, Mount Lebanon/Logan Downs Homesteads, Clermont Area",Queensland,AU,-22.400000,148.000000,nearest_geology_over_10km (44.478 km)
173,"BMR CL21/5, Tay Glen Crossing, Phillips Creek",Queensland,AU,-22.350000,148.500000,nearest_geology_over_10km (64.540 km)
134,"BMR CL225/1, Clarkei Bed, Capella Block",Queensland,AU,-22.730000,148.229996,nearest_geology_over_10km (38.166 km)
135,"BMR CL25/1, Pelecypod Bed, Capella Block",Queensland,AU,-22.700001,148.250000,nearest_geology_over_10km (42.060 km)
369,"BMR CL30/1, Clermont area",Queensland,AU,-22.400000,147.899994,nearest_geology_over_10km (45.654 km)
367,"BMR CL318/1, Clermont area",Queensland,AU,-22.400000,147.899994,nearest_geology_over_10km (45.654 km)
364,"BMR CL40/2, Clarkei Bed, Capella Block",Queensland,AU,-22.400000,147.899994,nearest_geology_over_10km (45.654 km)
366,"BMR CL42/6, Clermont area",Queensland,AU,-22.400000,147.899994,nearest_geology_over_10km (45.654 km)
136,"BMR CL50/1, Capella Block",Queensland,AU,-22.750000,148.300003,nearest_geology_over_10km (41.442 km)
311,BMR Collinsville 1,Queensland,AU,-20.830000,147.699997,nearest_geology_over_10km (36.446 km)
368,BMR Collinsville 1a,Queensland,AU,-20.830000,147.699997,nearest_geology_over_10km (36.446 km)
320,BMR Collinsville 4a,Queensland,AU,-20.830000,147.699997,nearest_geology_over_10km (36.446 km)
361,BMR Collinsville 5,Queensland,AU,-20.830000,147.699997,nearest_geology_over_10km (36.446 km)
137,"BMR Du519, Myrtle Park Homestead",Queensland,AU,-23.600000,148.500000,nearest_geology_over_10km (84.015 km)
156,"BMR M12F, Nebo Synclinorium",Queensland,AU,-21.500000,148.500000,nearest_geology_over_10km (75.880 km)
313,"BMR M418, Mackay Area",Queensland,AU,-21.459999,148.500000,nearest_geology_over_10km (72.815 km)
365,"BMR M85c, Collinsville",Queensland,AU,-20.833332,147.699997,nearest_geology_over_10km (36.255 km)
157,"BMR MC1065, Blenheim Homestead",Queensland,AU,-21.059999,148.210007,nearest_geology_over_10km (22.795 km)
304,"BMR MC292, Collinsville Road, Blenheim Creek",Queensland,AU,-20.983000,148.136002,nearest_geology_over_10km (14.245 km)
177,"BMR MC293, Blenheim",Queensland,AU,-21.073000,148.218994,nearest_geology_over_10km (24.134 km)
158,"BMR MC311, Lenton Downs Homestead",Queensland,AU,-21.514999,147.929993,nearest_geology_over_10km (54.412 km)
159,"BMR MC414, Nebo Synclinorium",Queensland,AU,-21.500000,148.000000,nearest_geology_over_10km (55.598 km)
160,"BMR MC420, Bowen River",Queensland,AU,-20.764999,147.845001,nearest_geology_over_10km (30.694 km)
318,"BMR MC423a, Blenheim Homestead",Queensland,AU,-21.049999,148.210007,nearest_geology_over_10km (22.495 km)
319,"BMR MC423b, Blenheim Homestead",Queensland,AU,-21.049999,148.210007,nearest_geology_over_10km (22.495 km)
161,"BMR MC479, Hazelwood Creek",Queensland,AU,-21.195000,148.315002,nearest_geology_over_10km (39.218 km)
164,"BMR MC485 AF, Hazelwood Creek",Queensland,AU,-21.195000,148.315002,nearest_geology_over_10km (39.218 km)
165,"BMR MC485 BF, Hazelwood Creek",Queensland,AU,-21.195000,148.315002,nearest_geology_over_10km (39.218 km)
167,"BMR MC485 CF, Hazelwood Creek",Queensland,AU,-21.195000,148.315002,nearest_geology_over_10km (39.218 km)
163,"BMR MC485 Diel, Hazelwood Creek",Queensland,AU,-21.195000,148.315002,nearest_geology_over_10km (39.218 km)
162,"BMR MC485, Hazelwood Creek",Queensland,AU,-21.195000,148.315002,nearest_geology_over_10km (39.218 km)
168,"BMR MC553, Homevale-Elphinstone Road",Queensland,AU,-21.549999,148.399994,nearest_geology_over_10km (64.883 km)
169,"BMR MC657, Blenheim Homestead",Queensland,AU,-21.100000,148.250000,nearest_geology_over_10km (28.226 km)
171,"BMR MC803, Blenheim Homestead",Queensland,AU,-21.055000,148.210007,nearest_geology_over_10km (22.638 km)
170,"BMR MC957, Mount Cona Creek",Queensland,AU,-21.365000,148.449997,nearest_geology_over_10km (61.839 km)
142,Barcaldine [Allaru Fm],Queensland,AU,-23.566668,145.283340,nearest_geology_over_10km (59.725 km)
155,Beaconsfield [Tambo Series],Queensland,AU,-23.333332,144.600006,nearest_geology_over_10km (22.796 km)
179,Belmont Station,Queensland,AU,-22.083330,143.516693,nearest_geology_over_10km (52.963 km)
525,"Big Stockyard Creek area, south of Greenvale",Queensland,AU,-19.083332,144.987503,nearest_geology_over_10km (101.937 km)
118,Birralee Hill,Queensland,AU,-20.666668,147.666672,nearest_geology_over_10km (50.733 km)
550,"Blaggard Creek, Spring Park Station",Queensland,AU,-19.716667,145.600006,nearest_geology_over_10km (70.215 km)
548,Bluff Downs,Queensland,AU,-19.683331,145.533325,nearest_geology_over_10km (65.966 km)
79,"Bluff Downs station, Main Quarry",Queensland,AU,-19.716667,145.600006,nearest_geology_over_10km (70.215 km)
330,Boremba Station,Queensland,AU,-20.866667,143.583328,nearest_geology_over_10km (139.737 km)
115,"Boundary Creek Area, Blysmatophyllum-Iowaphyllum association",Queensland,AU,-19.466667,146.083328,nearest_geology_over_10km (73.675 km)
356,Bowen River (Daintree collection),Queensland,AU,-20.770000,147.949997,nearest_geology_over_10km (26.097 km)
351,"Bowen River, at No. 25 traverse station",Queensland,AU,-20.700001,147.699997,nearest_geology_over_10km (45.658 km)
350,"Bowen River, between traverse stations 25 and 26",Queensland,AU,-20.700001,147.699997,nearest_geology_over_10km (45.658 km)
362,"Bowen River, unit C (UQ coll)",Queensland,AU,-20.770000,147.949997,nearest_geology_over_10km (26.097 km)
597,Br 13B. 214.5 m,Queensland,AU,-19.320833,144.679169,nearest_geology_over_10km (82.655 km)
596,Br 13B. 216 m,Queensland,AU,-19.320833,144.679169,nearest_geology_over_10km (82.655 km)
329,Branch of Flinders River between Flinders and Borree Park Homestead,Queensland,AU,-20.866667,143.583328,nearest_geology_over_10km (139.737 km)
620,Broken River,Queensland,AU,-19.049999,144.983337,nearest_geology_over_10km (105.650 km)
76,"Burdekin River near Big Bend, N of Charters Towers",Queensland,AU,-20.000000,146.000000,nearest_geology_over_10km (30.262 km)
396,"CCD 102.2, Chinaman Creek Limestone, Broken River",Queensland,AU,-19.260834,144.718063,nearest_geology_over_10km (87.335 km)
400,"CCD 107.3, Chinaman Creek Limestone, Broken River",Queensland,AU,-19.260834,144.718063,nearest_geology_over_10km (87.335 km)
397,"CCD 111.6, Chinaman Creek Limestone, Broken River",Queensland,AU,-19.260834,144.718063,nearest_geology_over_10km (87.335 km)
398,"CCD 116.0, Chinaman Creek Limestone, Broken River",Queensland,AU,-19.260834,144.718063,nearest_geology_over_10km (87.335 km)
387,"CCD 121.3, Chinaman Creek Limestone, Broken River",Queensland,AU,-19.260834,144.718063,nearest_geology_over_10km (87.335 km)
393,"CCD 127.2, Chinaman Creek Limestone, Broken River",Queensland,AU,-19.260834,144.718063,nearest_geology_over_10km (87.335 km)
401,"CCD 150.5, Chinaman Creek Limestone, Broken River",Queensland,AU,-19.260834,144.718063,nearest_geology_over_10km (87.335 km)
390,"CCD 152.6, Chinaman Creek Limestone, Broken River",Queensland,AU,-19.260834,144.718063,nearest_geology_over_10km (87.335 km)
389,"CCD 155.0, Chinaman Creek Limestone, Broken River",Queensland,AU,-19.260834,144.718063,nearest_geology_over_10km (87.335 km)
402,"CCD 167.5, Chinaman Creek Limestone, Broken River",Queensland,AU,-19.260834,144.718063,nearest_geology_over_10km (87.335 km)
403,"CCD 170.3, Chinaman Creek Limestone, Broken River",Queensland,AU,-19.260834,144.718063,nearest_geology_over_10km (87.335 km)
407,"CCD 233.5, Chinaman Creek Limestone, Broken River",Queensland,AU,-19.260834,144.718063,nearest_geology_over_10km (87.335 km)
408,"CCD 270.0, Chinaman Creek Limestone, Broken River",Queensland,AU,-19.260834,144.718063,nearest_geology_over_10km (87.335 km)
409,"CCD 348.0, Chinaman Creek Limestone, Broken River",Queensland,AU,-19.260834,144.718063,nearest_geology_over_10km (87.335 km)
406,"CCD 378.0, Chinaman Creek Limestone, Broken River",Queensland,AU,-19.260834,144.718063,nearest_geology_over_10km (87.335 km)
405,"CCD 383.8, Chinaman Creek Limestone, Broken River",Queensland,AU,-19.260834,144.718063,nearest_geology_over_10km (87.335 km)
410,"CCD 390.0, Chinaman Creek Limestone, Broken River",Queensland,AU,-19.260834,144.718063,nearest_geology_over_10km (87.335 km)
404,"CCD 400.0, Chinaman Creek Limestone, Broken River",Queensland,AU,-19.260834,144.718063,nearest_geology_over_10km (87.335 km)
419,"CCD 408.3, Chinaman Creek Limestone, Broken River",Queensland,AU,-19.260834,144.718063,nearest_geology_over_10km (87.335 km)
413,"CCD 420.0, Chinaman Creek Limestone, Broken River",Queensland,AU,-19.260834,144.718063,nearest_geology_over_10km (87.335 km)
417,"CCD 425.0, Chinaman Creek Limestone, Broken River",Queensland,AU,-19.260834,144.718063,nearest_geology_over_10km (87.335 km)
411,"CCD 429.0, Chinaman Creek Limestone, Broken River",Queensland,AU,-19.260834,144.718063,nearest_geology_over_10km (87.335 km)
420,"CCD 435.0, Chinaman Creek Limestone, Broken River",Queensland,AU,-19.260834,144.718063,nearest_geology_over_10km (87.335 km)
412,"CCD 451.0, Chinaman Creek Limestone, Broken River",Queensland,AU,-19.260834,144.718063,nearest_geology_over_10km (87.335 km)
388,"CCD 53.7, Chinaman Creek Limestone, Broken River",Queensland,AU,-19.260834,144.718063,nearest_geology_over_10km (87.335 km)
414,"CCD 553.0, Chinaman Creek Limestone, Broken River",Queensland,AU,-19.260834,144.718063,nearest_geology_over_10km (87.335 km)
418,"CCD 608.3, Chinaman Creek Limestone, Broken River",Queensland,AU,-19.260834,144.718063,nearest_geology_over_10km (87.335 km)
415,"CCD 620.0, Chinaman Creek Limestone, Broken River",Queensland,AU,-19.260834,144.718063,nearest_geology_over_10km (87.335 km)
416,"CCD 625.0, Chinaman Creek Limestone, Broken River",Queensland,AU,-19.260834,144.718063,nearest_geology_over_10km (87.335 km)
391,"CCD 64.5, Chinaman Creek Limestone, Broken River",Queensland,AU,-19.260834,144.718063,nearest_geology_over_10km (87.335 km)
399,"CCD 68.4, Chinaman Creek Limestone, Broken River",Queensland,AU,-19.260834,144.718063,nearest_geology_over_10km (87.335 km)
427,"CCD 691.0, Chinaman Creek Limestone, Broken River",Queensland,AU,-19.260834,144.718063,nearest_geology_over_10km (87.335 km)
394,"CCD 72.1, Chinaman Creek Limestone, Broken River",Queensland,AU,-19.260834,144.718063,nearest_geology_over_10km (87.335 km)
395,"CCD 75.0, Chinaman Creek Limestone, Broken River",Queensland,AU,-19.260834,144.718063,nearest_geology_over_10km (87.335 km)
421,"CCD 781.0, Chinaman Creek Limestone, Broken River",Queensland,AU,-19.260834,144.718063,nearest_geology_over_10km (87.335 km)
422,"CCD 782.6, Chinaman Creek Limestone, Broken River",Queensland,AU,-19.260834,144.718063,nearest_geology_over_10km (87.335 km)
423,"CCD 784.5, Chinaman Creek Limestone, Broken River",Queensland,AU,-19.260834,144.718063,nearest_geology_over_10km (87.335 km)
428,"CCD 786.0, Chinaman Creek Limestone, Broken River",Queensland,AU,-19.260834,144.718063,nearest_geology_over_10km (87.335 km)
424,"CCD 790.5, Chinaman Creek Limestone, Broken River",Queensland,AU,-19.260834,144.718063,nearest_geology_over_10km (87.335 km)
425,"CCD 791.0, Chinaman Creek Limestone, Broken River",Queensland,AU,-19.260834,144.718063,nearest_geology_over_10km (87.335 km)
429,"CCD 793.0, Chinaman Creek Limestone, Broken River",Queensland,AU,-19.260834,144.718063,nearest_geology_over_10km (87.335 km)
426,"CCD 801.0, Chinaman Creek Limestone, Broken River",Queensland,AU,-19.260834,144.718063,nearest_geology_over_10km (87.335 km)
430,"CCD 816.8, Chinaman Creek Limestone, Broken River",Queensland,AU,-19.260834,144.718063,nearest_geology_over_10km (87.335 km)
431,"CCD 826.2, Chinaman Creek Limestone, Broken River",Queensland,AU,-19.260834,144.718063,nearest_geology_over_10km (87.335 km)
392,"CCD 83.3, Chinaman Creek Limestone, Broken River",Queensland,AU,-19.260834,144.718063,nearest_geology_over_10km (87.335 km)
385,"CCD 88.4, Chinaman Creek Limestone, Broken River",Queensland,AU,-19.260834,144.718063,nearest_geology_over_10km (87.335 km)
386,"CCD 90.0, Chinaman Creek Limestone, Broken River",Queensland,AU,-19.260834,144.718063,nearest_geology_over_10km (87.335 km)
271,"CPA 14, Marine Gully - Birralee Road",Queensland,AU,-20.600000,147.750000,nearest_geology_over_10km (51.513 km)
180,"CPA 20, Bowen River Coalfield",Queensland,AU,-20.600000,147.800003,nearest_geology_over_10km (49.097 km)
606,"Cambridge Quarry, Morungle Station",Queensland,AU,-20.426111,142.933609,nearest_geology_over_10km (73.551 km)
331,"Canary Station, Hughenden area",Queensland,AU,-20.841667,144.199997,nearest_geology_over_10km (125.334 km)
371,Cardigan,Queensland,AU,-20.216667,146.633331,nearest_geology_over_10km (40.190 km)
376,Central Queensand pliosaurid locality,Queensland,AU,-20.729445,143.141663,nearest_geology_over_10km (102.971 km)
65,"Chinaman Creek Lst Lower Fauna, Broken River Province, N Queensland",Queensland,AU,-19.500000,145.000000,nearest_geology_over_10km (55.598 km)
66,"Chinaman Creek Lst Middle Fauna, Broken River Province, N Queensland",Queensland,AU,-19.500000,145.000000,nearest_geology_over_10km (55.598 km)
67,"Chinaman Creek Lst Upper Fauna, Broken River Province, N Queensland",Queensland,AU,-19.500000,145.000000,nearest_geology_over_10km (55.598 km)
372,Colinvale,Queensland,AU,-20.013611,148.247498,nearest_geology_over_10km (112.670 km)
175,"Coral Creek Mouth, Bowen River Coalfield",Queensland,AU,-20.605000,147.811996,nearest_geology_over_10km (48.073 km)
342,"Coral Creek, below Sonoma road-crossing",Queensland,AU,-20.605000,147.850006,nearest_geology_over_10km (46.607 km)
294,"Corduroy Creek, Collinsville",Queensland,AU,-20.549999,147.625000,nearest_geology_over_10km (63.433 km)
374,"Cratochelone type, Sylvania Station [PROXY]",Queensland,AU,-20.440001,144.380005,nearest_geology_over_10km (81.109 km)
140,Currane Homestead [Allaru Fm],Queensland,AU,-23.333332,144.666672,nearest_geology_over_10km (20.667 km)
630,"Currane, 10 miles north of Dartmouth",Queensland,AU,-23.270279,144.744995,nearest_geology_over_10km (27.779 km)
522,"Currane, north of Dartmouth",Queensland,AU,-23.365000,144.702225,nearest_geology_over_10km (16.866 km)
296,"Derbyia Gully, CPA21, Bowen River Coalfield",Queensland,AU,-20.600000,147.800003,nearest_geology_over_10km (49.097 km)
378,"Dick's Mother Lode Quarry, Bluff Downs station",Queensland,AU,-19.718611,145.601669,nearest_geology_over_10km (70.274 km)
617,"Dig Site Three, NW of Richmond",Queensland,AU,-20.643888,143.097504,nearest_geology_over_10km (95.316 km)
546,Dodgey's Cave,Queensland,AU,-19.232153,145.418167,nearest_geology_over_10km (95.960 km)
625,"Dosey Creek, near Six Mile Yard (Doseyosteus type-loc)",Queensland,AU,-19.484722,144.728882,nearest_geology_over_10km (63.938 km)
78,Dunluce Station (QM),Queensland,AU,-20.883329,143.800003,nearest_geology_over_10km (149.242 km)
187,Dunluce Station (upper),Queensland,AU,-20.883329,143.800003,nearest_geology_over_10km (149.242 km)
94,Dunraven Station,Queensland,AU,-23.633333,145.133331,nearest_geology_over_10km (46.029 km)
308,"Dunraven Station, Hughenden area",Queensland,AU,-20.841667,144.199997,nearest_geology_over_10km (125.334 km)
185,East of Hughenden,Queensland,AU,-20.833332,145.000000,nearest_geology_over_10km (92.662 km)
111,"Fanning River area, Dendrostella trigemme association",Queensland,AU,-19.733334,146.433334,nearest_geology_over_10km (44.993 km)
110,"Fanning River area, Grypophyllum-Chostophyllum association",Queensland,AU,-19.733334,146.433334,nearest_geology_over_10km (44.993 km)
113,"Fanning River, Endophyllum-Stringophyllum association",Queensland,AU,-19.733334,146.433334,nearest_geology_over_10km (44.993 km)
112,"Fanning River-Burdekin Downs, Aphyllum-Stringophyllum association",Queensland,AU,-19.900000,146.233337,nearest_geology_over_10km (23.212 km)
297,Flinders River,Queensland,AU,-20.760000,143.679993,nearest_geology_over_10km (154.818 km)
298,Flinders River (UQ collection),Queensland,AU,-20.760000,143.679993,nearest_geology_over_10km (154.818 km)
628,Flinders River near Maxwelton,Queensland,AU,-20.642799,142.754593,nearest_geology_over_10km (62.479 km)
619,Free Fossil Hunting Site 1,Queensland,AU,-20.646944,143.099442,nearest_geology_over_10km (95.616 km)
195,"GSQ D227, Elphinstone-Homevale Road",Queensland,AU,-21.450001,148.494995,nearest_geology_over_10km (71.667 km)
196,"GSQ D231, Corduroy Creek",Queensland,AU,-20.549999,147.625000,nearest_geology_over_10km (63.433 km)
334,"GSQ D232, Pelican Creek",Queensland,AU,-20.549999,147.625000,nearest_geology_over_10km (63.433 km)
197,"GSQ D233, Scottville Mine",Queensland,AU,-20.570000,147.830002,nearest_geology_over_10km (50.975 km)
198,"GSQ D234, Corduroy Creek",Queensland,AU,-20.549999,147.625000,nearest_geology_over_10km (63.433 km)
190,"GSQ D235, Mulgrave Yards, Havilah Homestead",Queensland,AU,-20.850000,147.759995,nearest_geology_over_10km (29.993 km)
191,"GSQ D236, Mount Lebanon Road",Queensland,AU,-22.280001,147.970001,nearest_geology_over_10km (31.288 km)
199,"GSQ D237, Little Cherwell Creek, Mount Lebanon Homestead",Queensland,AU,-22.257999,147.970001,nearest_geology_over_10km (28.854 km)
200,"GSQ D238, Isabella Creek, Woollamba Station",Queensland,AU,-22.952999,148.278000,nearest_geology_over_10km (28.936 km)
201,"GSQ D26, Homevale-Elphinstone Road",Queensland,AU,-21.549999,148.399994,nearest_geology_over_10km (64.883 km)
202,"GSQ D27, Blenheim Homestead",Queensland,AU,-21.055000,148.210007,nearest_geology_over_10km (22.638 km)
188,"GSQ D28, east bank Bowen River near Exmoor",Queensland,AU,-20.795000,148.074997,nearest_geology_over_10km (24.090 km)
203,"GSQ D31, Gebbie Creek",Queensland,AU,-20.737000,147.947998,nearest_geology_over_10km (29.739 km)
204,"GSQ D76, Crystal Creek, Crystal Plains Homestead",Queensland,AU,-23.299999,147.899994,nearest_geology_over_10km (34.890 km)
205,"GSQ L1158, Blenheim Homestead",Queensland,AU,-21.065001,148.220001,nearest_geology_over_10km (23.950 km)
333,"GSQ L1161, Pelican Creek",Queensland,AU,-20.549999,147.649994,nearest_geology_over_10km (61.870 km)
206,"GSQ L1308, Blackwater NS 190 well, 117.6 m",Queensland,AU,-23.020000,148.399994,nearest_geology_over_10km (40.999 km)
207,"GSQ L1348, Blackwater NS 190 well, 117 m",Queensland,AU,-23.020000,148.399994,nearest_geology_over_10km (40.999 km)
208,"GSQ L1353, Eaglefield Homestead",Queensland,AU,-21.485001,147.794998,nearest_geology_over_10km (57.964 km)
209,"GSQ L1385, Quarry Hill Shaft",Queensland,AU,-22.799999,147.600006,nearest_geology_over_10km (11.632 km)
210,"GSQ L1641, Nebo Synclinorium",Queensland,AU,-21.500000,147.300003,nearest_geology_over_10km (91.201 km)
211,"GSQ L1642, Black Gate, Wall Homestead",Queensland,AU,-21.500000,147.300003,nearest_geology_over_10km (91.201 km)
212,"GSQ L1657, Emerald Area, Springsure Anticline",Queensland,AU,-23.500000,148.000000,nearest_geology_over_10km (55.598 km)
213,"GSQ L1713, Gebbie Creek",Queensland,AU,-20.705000,147.940002,nearest_geology_over_10km (33.390 km)
214,"GSQ L1714, Gebbie Creek",Queensland,AU,-20.705000,147.940002,nearest_geology_over_10km (33.390 km)
215,"GSQ L1715, Gebbie Creek",Queensland,AU,-20.705000,147.940002,nearest_geology_over_10km (33.390 km)
216,"GSQ L1716, Gebbie Creek",Queensland,AU,-20.705000,147.940002,nearest_geology_over_10km (33.390 km)
217,"GSQ L1719, Gebbie Creek",Queensland,AU,-20.705000,147.940002,nearest_geology_over_10km (33.390 km)
218,"GSQ L1720, Gebbie Creek",Queensland,AU,-20.705000,147.940002,nearest_geology_over_10km (33.390 km)
219,"GSQ L1726, Gebbie Creek, Bowen River Pumping Station",Queensland,AU,-20.737000,147.947998,nearest_geology_over_10km (29.739 km)
220,"GSQ L1728, Gebbie Creek, Bowen River Pumping Station",Queensland,AU,-20.737000,147.947998,nearest_geology_over_10km (29.739 km)
221,"GSQ L1729, Gebbie Creek, Bowen River Pumping Station",Queensland,AU,-20.737000,147.947998,nearest_geology_over_10km (29.739 km)
222,"GSQ L1731, Gebbie Creek, Bowen River Pumping Station",Queensland,AU,-20.737000,147.947998,nearest_geology_over_10km (29.739 km)
223,"GSQ L1732, Gebbie Creek, Bowen River Pumping Station",Queensland,AU,-20.737000,147.947998,nearest_geology_over_10km (29.739 km)
224,"GSQ L1733, Gebbie Creek, Bowen River Pumping Station",Queensland,AU,-20.737000,147.947998,nearest_geology_over_10km (29.739 km)
225,"GSQ L1734, Gebbie Creek, Bowen River Pumping Station",Queensland,AU,-20.737000,147.947998,nearest_geology_over_10km (29.739 km)
226,"GSQ L1735, Gebbie Creek, Bowen River Pumping Station",Queensland,AU,-20.737000,147.947998,nearest_geology_over_10km (29.739 km)
227,"GSQ L1736, Gebbie Creek, Bowen River Pumping Station",Queensland,AU,-20.737000,147.947998,nearest_geology_over_10km (29.739 km)
228,"GSQ L1737, Gebbie Creek, Bowen River Pumping Station",Queensland,AU,-20.737000,147.947998,nearest_geology_over_10km (29.739 km)
229,"GSQ L1738, Gebbie Creek, Bowen River Pumping Station",Queensland,AU,-20.737000,147.947998,nearest_geology_over_10km (29.739 km)
230,"GSQ L1739, Gebbie Creek, Bowen River Pumping Station",Queensland,AU,-20.737000,147.947998,nearest_geology_over_10km (29.739 km)
231,"GSQ L1742, Bowen River Pumping Station Road",Queensland,AU,-20.737000,147.945999,nearest_geology_over_10km (29.778 km)
232,"GSQ L1895, Basin Creek, Pumping Station Road Crossing",Queensland,AU,-20.712999,147.912994,nearest_geology_over_10km (33.169 km)
194,"GSQ L1981, St. Joseph Phelps Dodge P4/14, 248.5-251.5 m",Queensland,AU,-21.816999,147.867004,nearest_geology_over_10km (24.542 km)
233,"GSQ L2578, Emerald NS 9R, 410.43-410.49 m",Queensland,AU,-23.500000,148.000000,nearest_geology_over_10km (55.598 km)
234,"GSQ L2579, Emerald NS 9R, 410.49-410.58 m",Queensland,AU,-23.500000,148.000000,nearest_geology_over_10km (55.598 km)
235,"GSQ L2580, Emerald NS 9R, 410.58-410.74 m",Queensland,AU,-23.500000,148.000000,nearest_geology_over_10km (55.598 km)
236,"GSQ L2581, Emerald NS 9R, 410.84-410.89 m",Queensland,AU,-23.500000,148.000000,nearest_geology_over_10km (55.598 km)
237,"GSQ L2582, Emerald NS 9R, 410.89-411.02 m",Queensland,AU,-23.500000,148.000000,nearest_geology_over_10km (55.598 km)
238,"GSQ L2583, Emerald NS 9R, 411.02-411.12 m",Queensland,AU,-23.500000,148.000000,nearest_geology_over_10km (55.598 km)
239,"GSQ L2584, Emerald NS 9R, 411.12-411.25 m",Queensland,AU,-23.500000,148.000000,nearest_geology_over_10km (55.598 km)
240,"GSQ L2585, Emerald NS 9R, 411.25-411.45 m",Queensland,AU,-23.500000,148.000000,nearest_geology_over_10km (55.598 km)
241,"GSQ L2586, Emerald NS 9R, 411.45-411.65 m",Queensland,AU,-23.500000,148.000000,nearest_geology_over_10km (55.598 km)
242,"GSQ L395, Blenheim Homestead",Queensland,AU,-21.100000,148.250000,nearest_geology_over_10km (28.226 km)
243,"GSQ L396, Blenheim Homestead",Queensland,AU,-21.059999,148.210007,nearest_geology_over_10km (22.795 km)
245,"GSQ L427, Hazelwood Creek",Queensland,AU,-21.195000,148.315002,nearest_geology_over_10km (39.218 km)
340,"GSQ L794, No. 3 Camp, Corduroy Creek, off Pelican Creek",Queensland,AU,-20.549999,147.625000,nearest_geology_over_10km (63.433 km)
246,"GSQ L795, No. 3 Camp, Corduroy Creek, off Pelican Creek",Queensland,AU,-20.549999,147.625000,nearest_geology_over_10km (63.433 km)
348,"GSQ L852, Pelican Creek, opposite Palmer's Old Station",Queensland,AU,-20.600000,147.759995,nearest_geology_over_10km (50.997 km)
341,"GSQ L861, Bowen River",Queensland,AU,-20.549999,147.625000,nearest_geology_over_10km (63.433 km)
247,"GSQ L887, NW Corner of CPA18",Queensland,AU,-20.590000,147.929993,nearest_geology_over_10km (46.167 km)
248,"GSQ L888, Sonoma - Camp Road Junction",Queensland,AU,-20.590000,147.929993,nearest_geology_over_10km (46.167 km)
322,"Galah Creek, Hughenden",Queensland,AU,-20.841667,144.199997,nearest_geology_over_10km (125.334 km)
52,"Gastropods of the Ukalunda Beds and related Douglas Creek Lst, N Queensland",Queensland,AU,-21.000000,147.000000,nearest_geology_over_10km (103.809 km)
278,Gate 1.5 miles W of Homevale,Queensland,AU,-21.450001,148.500000,nearest_geology_over_10km (72.040 km)
544,Glendarriwell,Queensland,AU,-23.633333,147.800003,nearest_geology_over_10km (73.325 km)
309,"Glendower Station, near Prairie",Queensland,AU,-20.669443,144.536118,nearest_geology_over_10km (88.772 km)
545,Greybank Volcanics,Queensland,AU,-22.516666,147.916672,nearest_geology_over_10km (47.381 km)
360,Gully 20 chains northwest of No. 25 bore,Queensland,AU,-20.570000,147.750000,nearest_geology_over_10km (54.421 km)
335,"Havilah-Byerwin Road, 1 mile south of Rosella Creek crossing",Queensland,AU,-20.860001,147.860001,nearest_geology_over_10km (21.301 km)
293,"Hazelwood Creek, Eungella Station",Queensland,AU,-21.155001,148.164993,nearest_geology_over_10km (24.292 km)
354,"Head of Pelican creek, near Mount Diolin",Queensland,AU,-20.480000,147.889999,nearest_geology_over_10km (58.942 km)
325,"Homevale Station, 25 km NW of Nebo",Queensland,AU,-21.469999,148.500000,nearest_geology_over_10km (73.599 km)
300,"Horse Shoe Bend, Lekanophyllum association",Queensland,AU,-19.783333,146.449997,nearest_geology_over_10km (40.714 km)
306,Horseshoe Bay,Queensland,AU,-19.118055,146.860275,nearest_geology_over_10km (99.155 km)
631,Hughenden,Queensland,AU,-20.838888,144.201111,nearest_geology_over_10km (125.027 km)
523,Hughenden Decapods,Queensland,AU,-20.838888,144.201111,nearest_geology_over_10km (125.027 km)
146,"Hughenden Station, Flinders River [Tambo Series]",Queensland,AU,-20.850000,144.199997,nearest_geology_over_10km (126.026 km)
144,"Hughenden, Flinders River [Roma Series]",Queensland,AU,-20.850000,144.199997,nearest_geology_over_10km (126.026 km)
91,Iona Station,Queensland,AU,-20.966667,144.383331,nearest_geology_over_10km (125.219 km)
83,"Iona Station, Hughenden",Queensland,AU,-20.850000,144.199997,nearest_geology_over_10km (126.026 km)
508,"JES 100.0, Jessey Springs Limestone, Broken River",Queensland,AU,-19.401667,144.805557,nearest_geology_over_10km (69.576 km)
499,"JES 101.0, Jessey Springs Limestone, Broken River",Queensland,AU,-19.401667,144.805557,nearest_geology_over_10km (69.576 km)
500,"JES 101.2, Jessey Springs Limestone, Broken River",Queensland,AU,-19.401667,144.805557,nearest_geology_over_10km (69.576 km)
501,"JES 104.2, Jessey Springs Limestone, Broken River",Queensland,AU,-19.401667,144.805557,nearest_geology_over_10km (69.576 km)
510,"JES 106.7, Jessey Springs Limestone, Broken River",Queensland,AU,-19.401667,144.805557,nearest_geology_over_10km (69.576 km)
502,"JES 107.0, Jessey Springs Limestone, Broken River",Queensland,AU,-19.401667,144.805557,nearest_geology_over_10km (69.576 km)
509,"JES 110.5, Jessey Springs Limestone, Broken River",Queensland,AU,-19.401667,144.805557,nearest_geology_over_10km (69.576 km)
503,"JES 112.5, Jessey Springs Limestone, Broken River",Queensland,AU,-19.401667,144.805557,nearest_geology_over_10km (69.576 km)
504,"JES 113.2, Jessey Springs Limestone, Broken River",Queensland,AU,-19.401667,144.805557,nearest_geology_over_10km (69.576 km)
505,"JES 113.5, Jessey Springs Limestone, Broken River",Queensland,AU,-19.401667,144.805557,nearest_geology_over_10km (69.576 km)
506,"JES 113.6, Jessey Springs Limestone, Broken River",Queensland,AU,-19.401667,144.805557,nearest_geology_over_10km (69.576 km)
516,"JES 117.3, Jessey Springs Limestone, Broken River",Queensland,AU,-19.401667,144.805557,nearest_geology_over_10km (69.576 km)
512,"JES 117.5, Jessey Springs Limestone, Broken River",Queensland,AU,-19.401667,144.805557,nearest_geology_over_10km (69.576 km)
513,"JES 119.7, Jessey Springs Limestone, Broken River",Queensland,AU,-19.401667,144.805557,nearest_geology_over_10km (69.576 km)
482,"JES 12.2, Jessey Springs Limestone, Broken River",Queensland,AU,-19.401667,144.805557,nearest_geology_over_10km (69.576 km)
514,"JES 120.6, Jessey Springs Limestone, Broken River",Queensland,AU,-19.401667,144.805557,nearest_geology_over_10km (69.576 km)
485,"JES 14.3, Jessey Springs Limestone, Broken River",Queensland,AU,-19.401667,144.805557,nearest_geology_over_10km (69.576 km)
480,"JES 2.5, Jessey Springs Limestone, Broken River",Queensland,AU,-19.401667,144.805557,nearest_geology_over_10km (69.576 km)
486,"JES 20.6, Jessey Springs Limestone, Broken River",Queensland,AU,-19.401667,144.805557,nearest_geology_over_10km (69.576 km)
484,"JES 24.1, Jessey Springs Limestone, Broken River",Queensland,AU,-19.401667,144.805557,nearest_geology_over_10km (69.576 km)
517,"JES 274.0A, Jessey Springs Limestone, Broken River",Queensland,AU,-19.401667,144.805557,nearest_geology_over_10km (69.576 km)
515,"JES 274.0D, Jessey Springs Limestone, Broken River",Queensland,AU,-19.401667,144.805557,nearest_geology_over_10km (69.576 km)
518,"JES 274.0E, Jessey Springs Limestone, Broken River",Queensland,AU,-19.401667,144.805557,nearest_geology_over_10km (69.576 km)
483,"JES 31.6, Jessey Springs Limestone, Broken River",Queensland,AU,-19.401667,144.805557,nearest_geology_over_10km (69.576 km)
491,"JES 32.7, Jessey Springs Limestone, Broken River",Queensland,AU,-19.401667,144.805557,nearest_geology_over_10km (69.576 km)
492,"JES 33.0, Jessey Springs Limestone, Broken River",Queensland,AU,-19.401667,144.805557,nearest_geology_over_10km (69.576 km)
494,"JES 34.8, Jessey Springs Limestone, Broken River",Queensland,AU,-19.401667,144.805557,nearest_geology_over_10km (69.576 km)
496,"JES 36.2, Jessey Springs Limestone, Broken River",Queensland,AU,-19.401667,144.805557,nearest_geology_over_10km (69.576 km)
488,"JES 43.2, Jessey Springs Limestone, Broken River",Queensland,AU,-19.401667,144.805557,nearest_geology_over_10km (69.576 km)
489,"JES 44.8, Jessey Springs Limestone, Broken River",Queensland,AU,-19.401667,144.805557,nearest_geology_over_10km (69.576 km)
487,"JES 5.2, Jessey Springs Limestone, Broken River",Queensland,AU,-19.401667,144.805557,nearest_geology_over_10km (69.576 km)
490,"JES 59.8, Jessey Springs Limestone, Broken River",Queensland,AU,-19.401667,144.805557,nearest_geology_over_10km (69.576 km)
481,"JES 6.6, Jessey Springs Limestone, Broken River",Queensland,AU,-19.401667,144.805557,nearest_geology_over_10km (69.576 km)
495,"JES 64.7, Jessey Springs Limestone, Broken River",Queensland,AU,-19.401667,144.805557,nearest_geology_over_10km (69.576 km)
493,"JES 65.9, Jessey Springs Limestone, Broken River",Queensland,AU,-19.401667,144.805557,nearest_geology_over_10km (69.576 km)
497,"JES 72.4, Jessey Springs Limestone, Broken River",Queensland,AU,-19.401667,144.805557,nearest_geology_over_10km (69.576 km)
479,"JES 8.4, Jessey Springs Limestone, Broken River",Queensland,AU,-19.401667,144.805557,nearest_geology_over_10km (69.576 km)
507,"JES 85.0, Jessey Springs Limestone, Broken River",Queensland,AU,-19.401667,144.805557,nearest_geology_over_10km (69.576 km)
511,"JES 95.0, Jessey Springs Limestone, Broken River",Queensland,AU,-19.401667,144.805557,nearest_geology_over_10km (69.576 km)
498,"JES 98.2, Jessey Springs Limestone, Broken River",Queensland,AU,-19.401667,144.805557,nearest_geology_over_10km (69.576 km)
519,"JHY site, Bluff Downs",Queensland,AU,-19.718611,145.601669,nearest_geology_over_10km (70.274 km)
477,"Jesseys 42.0, Jessey Springs limestone, Broken River",Queensland,AU,-19.401667,144.805557,nearest_geology_over_10km (69.576 km)
470,"Jesseys 43.0, Jessey Springs limestone, Broken River",Queensland,AU,-19.401667,144.805557,nearest_geology_over_10km (69.576 km)
471,"Jesseys 44.0, Jessey Springs limestone, Broken River",Queensland,AU,-19.401667,144.805557,nearest_geology_over_10km (69.576 km)
474,"Jesseys 48.0, Jessey Springs limestone, Broken River",Queensland,AU,-19.401667,144.805557,nearest_geology_over_10km (69.576 km)
478,"Jesseys 49.0, Jessey Springs limestone, Broken River",Queensland,AU,-19.401667,144.805557,nearest_geology_over_10km (69.576 km)
469,"Jesseys 50.0, Jessey Springs limestone, Broken River",Queensland,AU,-19.401667,144.805557,nearest_geology_over_10km (69.576 km)
475,"Jesseys 51.0, Jessey Springs limestone, Broken River",Queensland,AU,-19.401667,144.805557,nearest_geology_over_10km (69.576 km)
473,"Jesseys 52.0, Jessey Springs limestone, Broken River",Queensland,AU,-19.401667,144.805557,nearest_geology_over_10km (69.576 km)
476,"Jesseys 53.0, Jessey Springs limestone, Broken River",Queensland,AU,-19.401667,144.805557,nearest_geology_over_10km (69.576 km)
465,"Jesseys 54.0, Jessey Springs limestone, Broken River",Queensland,AU,-19.401667,144.805557,nearest_geology_over_10km (69.576 km)
466,"Jesseys 54.1, Jessey Springs limestone, Broken River",Queensland,AU,-19.401667,144.805557,nearest_geology_over_10km (69.576 km)
467,"Jesseys 54.2, Jessey Springs limestone, Broken River",Queensland,AU,-19.401667,144.805557,nearest_geology_over_10km (69.576 km)
472,"Jesseys 57.0, Jessey Springs limestone, Broken River",Queensland,AU,-19.401667,144.805557,nearest_geology_over_10km (69.576 km)
468,"Jesseys 61.0, Jessey Springs limestone, Broken River",Queensland,AU,-19.401667,144.805557,nearest_geology_over_10km (69.576 km)
95,Jones Valley Station,Queensland,AU,-20.600000,143.850006,nearest_geology_over_10km (137.239 km)
152,Kensington [Tambo Series],Queensland,AU,-22.500000,144.183334,nearest_geology_over_10km (113.723 km)
301,"Kirkland Downs, Australophyllum-Sanidophyllum association",Queensland,AU,-19.466667,145.983337,nearest_geology_over_10km (77.064 km)
107,"L798. Paynes Lagoon Station, 200m south of Boundary Creek.",Queensland,AU,-19.266666,146.333328,nearest_geology_over_10km (93.633 km)
437,"LW 106.1, Lockup Well limestone, Broken River",Queensland,AU,-19.296944,144.844162,nearest_geology_over_10km (79.862 km)
440,"LW 121.0, Lockup Well limestone, Broken River",Queensland,AU,-19.296944,144.844162,nearest_geology_over_10km (79.862 km)
441,"LW 121.7, Lockup Well limestone, Broken River",Queensland,AU,-19.296944,144.844162,nearest_geology_over_10km (79.862 km)
442,"LW 136.0, Lockup Well limestone, Broken River",Queensland,AU,-19.296944,144.844162,nearest_geology_over_10km (79.862 km)
448,"LW 170.5, Lockup Well limestone, Broken River",Queensland,AU,-19.296944,144.844162,nearest_geology_over_10km (79.862 km)
438,"LW 186.0, Lockup Well limestone, Broken River",Queensland,AU,-19.296944,144.844162,nearest_geology_over_10km (79.862 km)
443,"LW 198.5, Lockup Well limestone, Broken River",Queensland,AU,-19.296944,144.844162,nearest_geology_over_10km (79.862 km)
432,"LW 206.0, Lockup Well limestone, Broken River",Queensland,AU,-19.296944,144.844162,nearest_geology_over_10km (79.862 km)
444,"LW 209.0, Lockup Well limestone, Broken River",Queensland,AU,-19.296944,144.844162,nearest_geology_over_10km (79.862 km)
433,"LW 218.0, Lockup Well limestone, Broken River",Queensland,AU,-19.296944,144.844162,nearest_geology_over_10km (79.862 km)
445,"LW 221.0, Lockup Well limestone, Broken River",Queensland,AU,-19.296944,144.844162,nearest_geology_over_10km (79.862 km)
446,"LW 223.0, Lockup Well limestone, Broken River",Queensland,AU,-19.296944,144.844162,nearest_geology_over_10km (79.862 km)
434,"LW 225.0, Lockup Well limestone, Broken River",Queensland,AU,-19.296944,144.844162,nearest_geology_over_10km (79.862 km)
449,"LW 231.0, Lockup Well limestone, Broken River",Queensland,AU,-19.296944,144.844162,nearest_geology_over_10km (79.862 km)
447,"LW 237.0, Lockup Well limestone, Broken River",Queensland,AU,-19.296944,144.844162,nearest_geology_over_10km (79.862 km)
456,"LW 260.0, Lockup Well limestone, Broken River",Queensland,AU,-19.296944,144.844162,nearest_geology_over_10km (79.862 km)
450,"LW 270.5, Lockup Well limestone, Broken River",Queensland,AU,-19.296944,144.844162,nearest_geology_over_10km (79.862 km)
457,"LW 275.5, Lockup Well limestone, Broken River",Queensland,AU,-19.296944,144.844162,nearest_geology_over_10km (79.862 km)
458,"LW 280.0, Lockup Well limestone, Broken River",Queensland,AU,-19.296944,144.844162,nearest_geology_over_10km (79.862 km)
462,"LW 322.0, Lockup Well limestone, Broken River",Queensland,AU,-19.296944,144.844162,nearest_geology_over_10km (79.862 km)
459,"LW 339.7, Lockup Well limestone, Broken River",Queensland,AU,-19.296944,144.844162,nearest_geology_over_10km (79.862 km)
455,"LW 347.3, Lockup Well limestone, Broken River",Queensland,AU,-19.296944,144.844162,nearest_geology_over_10km (79.862 km)
454,"LW 357.0, Lockup Well limestone, Broken River",Queensland,AU,-19.296944,144.844162,nearest_geology_over_10km (79.862 km)
451,"LW 371.5, Lockup Well limestone, Broken River",Queensland,AU,-19.296944,144.844162,nearest_geology_over_10km (79.862 km)
463,"LW 375.5, Lockup Well limestone, Broken River",Queensland,AU,-19.296944,144.844162,nearest_geology_over_10km (79.862 km)
452,"LW 591.0, Lockup Well limestone, Broken River",Queensland,AU,-19.296944,144.844162,nearest_geology_over_10km (79.862 km)
460,"LW 610.0, Lockup Well limestone, Broken River",Queensland,AU,-19.296944,144.844162,nearest_geology_over_10km (79.862 km)
453,"LW 621.0, Lockup Well limestone, Broken River",Queensland,AU,-19.296944,144.844162,nearest_geology_over_10km (79.862 km)
461,"LW 646.0, Lockup Well limestone, Broken River",Queensland,AU,-19.296944,144.844162,nearest_geology_over_10km (79.862 km)
464,"LW 688.0, Lockup Well limestone, Broken River",Queensland,AU,-19.296944,144.844162,nearest_geology_over_10km (79.862 km)
439,"LW 69.4, Lockup Well limestone, Broken River",Queensland,AU,-19.296944,144.844162,nearest_geology_over_10km (79.862 km)
435,"LW 72.4, Lockup Well limestone, Broken River",Queensland,AU,-19.296944,144.844162,nearest_geology_over_10km (79.862 km)
436,"LW 82.0, Lockup Well limestone, Broken River",Queensland,AU,-19.296944,144.844162,nearest_geology_over_10km (79.862 km)
150,Landsborough Creek [Tambo Series],Queensland,AU,-22.500000,144.550003,nearest_geology_over_10km (114.086 km)
114,"Lime Creek Area, Spongophyllum association",Queensland,AU,-19.500000,146.333328,nearest_geology_over_10km (67.787 km)
145,Lind River [Roma Series],Queensland,AU,-20.750000,143.516663,nearest_geology_over_10km (140.434 km)
559,"Locality L156, Mount Windsor Subprovince, Rollston Range Fm, assemblage C",Queensland,AU,-20.533333,146.433334,nearest_geology_over_10km (50.555 km)
570,"Locality L157, Mount Windsor Subprovince, Rollston Range Fm, assemblage C",Queensland,AU,-20.533333,146.433334,nearest_geology_over_10km (50.555 km)
571,"Locality L158, Mount Windsor Subprovince, Rollston Range Fm, assemblage C",Queensland,AU,-20.533333,146.433334,nearest_geology_over_10km (50.555 km)
579,"Locality L159, Mount Windsor Subprovince, Rollston Range Fm, assemblage C",Queensland,AU,-20.533333,146.433334,nearest_geology_over_10km (50.555 km)
565,"Locality L160, Mount Windsor Subprovince, Rollston Range Fm, assemblage C",Queensland,AU,-20.533333,146.433334,nearest_geology_over_10km (50.555 km)
572,"Locality L161, Mount Windsor Subprovince, Rollston Range Fm, assemblage C",Queensland,AU,-20.533333,146.433334,nearest_geology_over_10km (50.555 km)
573,"Locality L162, Mount Windsor Subprovince, Rollston Range Fm, assemblage C",Queensland,AU,-20.533333,146.433334,nearest_geology_over_10km (50.555 km)
580,"Locality L163, Mount Windsor Subprovince, Rollston Range Fm, assemblage C",Queensland,AU,-20.533333,146.433334,nearest_geology_over_10km (50.555 km)
574,"Locality L164, Mount Windsor Subprovince, Rollston Range Fm, assemblage C",Queensland,AU,-20.533333,146.433334,nearest_geology_over_10km (50.555 km)
560,"Locality L165, Mount Windsor Subprovince, Rollston Range Fm, assemblage C",Queensland,AU,-20.533333,146.433334,nearest_geology_over_10km (50.555 km)
561,"Locality L166, Mount Windsor Subprovince, Rollston Range Fm, assemblage C",Queensland,AU,-20.533333,146.433334,nearest_geology_over_10km (50.555 km)
562,"Locality L485, Mount Windsor Subprovince, Rollston Range Fm, assemblage C",Queensland,AU,-20.533333,146.433334,nearest_geology_over_10km (50.555 km)
555,"Locality L486, Mount Windsor Subprovince, Assemblage C",Queensland,AU,-20.533333,146.433334,nearest_geology_over_10km (50.555 km)
563,"Locality L492, Mount Windsor Subprovince, Rollston Range Fm, assemblage C",Queensland,AU,-20.533333,146.433334,nearest_geology_over_10km (50.555 km)
556,"Locality L493, Mount Windsor Subprovince, Rollston Range Fm, assemblage B",Queensland,AU,-20.533333,146.433334,nearest_geology_over_10km (50.555 km)
568,"Locality L497, Mount Windsor Subprovince, Rollston Range Fm, assemblage B",Queensland,AU,-20.533333,146.433334,nearest_geology_over_10km (50.555 km)
567,"Locality L498, Mount Windsor Subprovince, Rollston Range Fm, assemblage B",Queensland,AU,-20.533333,146.433334,nearest_geology_over_10km (50.555 km)
558,"Locality L499, Mount Windsor Subprovince, Trooper Creek Fm, assemblage A",Queensland,AU,-20.533333,146.433334,nearest_geology_over_10km (50.555 km)
566,"Locality L500, Mount Windsor Subprovince, Rollston Range Fm, assemblage B",Queensland,AU,-20.533333,146.433334,nearest_geology_over_10km (50.555 km)
557,"Locality L502, Mount Windsor Subprovince, Rollston Range Fm, assemblage C",Queensland,AU,-20.533333,146.433334,nearest_geology_over_10km (50.555 km)
575,"Locality L503, Mount Windsor Subprovince, Rollston Range Fm, assemblage C",Queensland,AU,-20.533333,146.433334,nearest_geology_over_10km (50.555 km)
576,"Locality L504, Mount Windsor Subprovince, Rollston Range Fm, assemblage C",Queensland,AU,-20.533333,146.433334,nearest_geology_over_10km (50.555 km)
577,"Locality L507, Mount Windsor Subprovince, Rollston Range Fm, assemblage C",Queensland,AU,-20.533333,146.433334,nearest_geology_over_10km (50.555 km)
564,"Locality L521, Mount Windsor Subprovince, Rollston Range Fm, assemblage C",Queensland,AU,-20.533333,146.433334,nearest_geology_over_10km (50.555 km)
578,"Locality L524, Mount Windsor Subprovince, Rollston Range Fm, assemblage D",Queensland,AU,-20.533333,146.433334,nearest_geology_over_10km (50.555 km)
569,"Locality L525, Mount Windsor Subprovince, Rollston Range Fm, assemblage B",Queensland,AU,-20.533333,146.433334,nearest_geology_over_10km (50.555 km)
70,"Locality PL1906, Poley Cow Fmn, Broken River Province, N Queensland",Queensland,AU,-19.000000,145.000000,nearest_geology_over_10km (111.195 km)
63,"Locality UQL2715, Shield Creek Fmn, N Queensland",Queensland,AU,-19.000000,145.000000,nearest_geology_over_10km (111.195 km)
61,"Locality UQL2953, Shield Creek Fmn, N Queensland",Queensland,AU,-19.000000,145.000000,nearest_geology_over_10km (111.195 km)
62,"Locality UQL2954, Shield Creek Fmn, N Queensland",Queensland,AU,-19.000000,145.000000,nearest_geology_over_10km (111.195 km)
64,"Locality UQL3574, Shield Creek Fmn, N Queensland",Queensland,AU,-19.000000,145.000000,nearest_geology_over_10km (111.195 km)
151,Longreach [Tambo Series],Queensland,AU,-23.450001,144.250000,nearest_geology_over_10km (46.488 km)
88,Lovelle Downs Station (2 km east),Queensland,AU,-22.150000,142.550003,nearest_geology_over_10km (49.278 km)
87,Lovelle Downs Station (3 km east-southeast),Queensland,AU,-22.150000,142.566666,nearest_geology_over_10km (47.666 km)
327,"Lydia Downs Station, Nelia",Queensland,AU,-20.883329,143.800003,nearest_geology_over_10km (149.242 km)
92,"M8M windmill, Bladensburg Station",Queensland,AU,-22.516945,143.038895,nearest_geology_over_10km (10.062 km)
547,"Main Quarry, Allingham Formation, BluffDowns Station",Queensland,AU,-19.716667,145.600006,nearest_geology_over_10km (70.215 km)
593,"Marathon Station, Flinders River",Queensland,AU,-20.866667,143.583328,nearest_geology_over_10km (139.737 km)
77,"Marathon Station, Flinders River (QM)",Queensland,AU,-20.866667,143.583328,nearest_geology_over_10km (139.737 km)
148,Marathon [Tambo Series],Queensland,AU,-20.816668,143.566666,nearest_geology_over_10km (144.065 km)
272,Marine Gully M137,Queensland,AU,-20.620001,147.750000,nearest_geology_over_10km (49.605 km)
68,"Martins Well Lst, Broken River Province, N Queensland",Queensland,AU,-19.500000,145.000000,nearest_geology_over_10km (55.598 km)
176,"Matilda Site, Elderslie Station (AODL 0085)",Queensland,AU,-22.199722,142.528610,nearest_geology_over_10km (53.402 km)
274,"Minerva Homestead, Springsure",Queensland,AU,-21.450001,148.050003,nearest_geology_over_10km (50.306 km)
603,"Mitchell site, Elderslie Sheep Station (AODL 270)",Queensland,AU,-22.200832,142.527222,nearest_geology_over_10km (53.583 km)
302,Mount Podge,Queensland,AU,-19.299999,145.966660,nearest_geology_over_10km (95.007 km)
303,"Mount Podge, Laroona Formation",Queensland,AU,-19.299999,145.966660,nearest_geology_over_10km (95.007 km)
592,"NU L1064. Corner creek and Star River, near Paluma",Queensland,AU,-19.500000,145.899994,nearest_geology_over_10km (77.576 km)
373,Ned's Gully,Queensland,AU,-21.616667,144.949997,nearest_geology_over_10km (179.841 km)
581,"Notochelone type, Flinder's River region [PROXY]",Queensland,AU,-20.769444,143.660278,nearest_geology_over_10km (152.959 km)
601,"Oliver site, Elderslie Station (AODL 0122)",Queensland,AU,-22.200832,142.527222,nearest_geology_over_10km (53.583 km)
182,Orpheus Island,Queensland,AU,-18.600000,146.483337,nearest_geology_over_10km (164.845 km)
359,"Over 18 inch coal seam, Bowen River coalfield",Queensland,AU,-20.700001,147.699997,nearest_geology_over_10km (45.658 km)
75,"Papilio Fmn crinoids, Broken River Group, N Queensland",Queensland,AU,-19.000000,145.000000,nearest_geology_over_10km (111.195 km)
275,"Parish North Britton, Homevale",Queensland,AU,-21.450001,148.500000,nearest_geology_over_10km (72.040 km)
273,"Parrot Creek, Musgrave Road crossing",Queensland,AU,-20.788000,147.744995,nearest_geology_over_10km (35.461 km)
349,"Parrot Creek, eight miles up",Queensland,AU,-20.879999,147.699997,nearest_geology_over_10km (33.893 km)
346,"Parrot Creek, four and a half miles up",Queensland,AU,-20.840000,147.740005,nearest_geology_over_10km (32.338 km)
344,"Parrot Creek, four and a quarter miles up",Queensland,AU,-20.830000,147.740005,nearest_geology_over_10km (32.964 km)
299,Pelican Bore,Queensland,AU,-20.535000,143.983994,nearest_geology_over_10km (121.534 km)
84,"Pelican Bore, Stewart Creek",Queensland,AU,-20.850000,144.199997,nearest_geology_over_10km (126.026 km)
295,"Pelican Creek, CPA21, Bowen River Coalfield",Queensland,AU,-20.549999,147.649994,nearest_geology_over_10km (61.870 km)
353,"Pelican Creek, above Garrick coal seam",Queensland,AU,-20.600000,147.759995,nearest_geology_over_10km (50.997 km)
347,"Pelican Creek, five miles north of Sonoma Station",Queensland,AU,-20.600000,147.759995,nearest_geology_over_10km (50.997 km)
345,"Pelican Creek, two and a half miles above Sonoma road-crossing",Queensland,AU,-20.549999,147.850006,nearest_geology_over_10km (52.412 km)
352,"Pelican creek, half a mile above Sonoma road-crossing",Queensland,AU,-20.549999,147.854996,nearest_geology_over_10km (52.260 km)
336,"Pelican creek, three-quarters of a mile above Sonoma road-crossing",Queensland,AU,-20.549999,147.854996,nearest_geology_over_10km (52.260 km)
622,Plain Creek Station,Queensland,AU,-21.551111,146.509720,nearest_geology_over_10km (161.779 km)
98,"QM L657, Collier Dam, ""Willoughby"" near Barealedine",Queensland,AU,-23.133333,145.133331,nearest_geology_over_10km (61.438 km)
97,"QM L735, Brutus Creek, ""Currane"", near Longreach",Queensland,AU,-23.250000,144.399994,nearest_geology_over_10km (42.624 km)
100,"QM L791, Boree Park near Richmond",Queensland,AU,-20.629999,143.035004,nearest_geology_over_10km (88.661 km)
99,"QM L905, ""Auteuil"" near Barealdine",Queensland,AU,-23.150000,145.199997,nearest_geology_over_10km (65.333 km)
80,"QML 1006 - Unnamed tributary of Mary Creek, 200 meters northeast of QML1005",Queensland,AU,-20.795000,147.338333,nearest_geology_over_10km (72.416 km)
81,QML 1008. Small unnamed creek 1.5 kilometers south of Sugarloaf Dam.,Queensland,AU,-20.923332,147.063339,nearest_geology_over_10km (97.632 km)
103,"QML 1016 - Hill above crossing, south side of river near PharLap prospect",Queensland,AU,-19.466667,144.716660,nearest_geology_over_10km (66.306 km)
104,"QML 1017 -west south west of Storm Dam, 200 meters west of road",Queensland,AU,-19.547222,144.676392,nearest_geology_over_10km (60.675 km)
102,"QML 1018 - Low rise, 1 kilometer south of Storm Dam, 200 meters west of road",Queensland,AU,-19.548611,144.675278,nearest_geology_over_10km (60.612 km)
49,"QML 1019, ridge of silicrete 100 meters north of road 500m East of Storm Dam 190",Queensland,AU,-19.533333,144.666672,nearest_geology_over_10km (62.525 km)
50,"QML 1083 - Nuggety Gully, East Gorge along PharLap Rd.",Queensland,AU,-19.466389,144.747772,nearest_geology_over_10km (64.943 km)
101,"QML 1090 - Above ‘PharLap’ crossing on Broken River, N side on washed out track",Queensland,AU,-19.478611,144.734161,nearest_geology_over_10km (64.306 km)
51,"QML 1092, 500 m northwest of type section creek for Dosey Limestone",Queensland,AU,-19.499722,144.731110,nearest_geology_over_10km (62.341 km)
48,"QML 1094, near Little Rocks, 27km NW of Charters Towers",Queensland,AU,-20.000000,146.000000,nearest_geology_over_10km (30.262 km)
629,Quarry along Richmond-Woolgar Road,Queensland,AU,-20.646000,143.098999,nearest_geology_over_10km (95.538 km)
69,"Quinton Fmn trilobite faunule, Gray Creek, NE Queensland",Queensland,AU,-19.283333,144.883331,nearest_geology_over_10km (80.621 km)
181,Rattlesnake Island,Queensland,AU,-19.033333,146.616669,nearest_geology_over_10km (114.751 km)
321,Richmond 'pliosaur' locality,Queensland,AU,-20.729445,143.141663,nearest_geology_over_10km (102.971 km)
586,Richmond area (Kronosaurus Korner Museum collection),Queensland,AU,-21.000000,143.300003,nearest_geology_over_10km (115.445 km)
587,Richmond area (NHMUK collection),Queensland,AU,-21.000000,143.300003,nearest_geology_over_10km (115.445 km)
109,Richmond area sauropod site (QM),Queensland,AU,-20.611340,143.073303,nearest_geology_over_10km (91.816 km)
277,Ridge 1 mile W of Homevale,Queensland,AU,-21.450001,148.500000,nearest_geology_over_10km (72.040 km)
143,Rodney Downs [Allaru Fm],Queensland,AU,-22.966667,145.250000,nearest_geology_over_10km (83.054 km)
96,Rosebery Station (Toolebuc),Queensland,AU,-22.666668,144.600006,nearest_geology_over_10km (95.067 km)
355,"Rosella Creek, two miles above Havilah Paddock",Queensland,AU,-20.875000,147.880005,nearest_geology_over_10km (18.668 km)
594,S0210. SO 43E.,Queensland,AU,-19.547222,144.676392,nearest_geology_over_10km (60.675 km)
598,SD 130. 223 m,Queensland,AU,-19.522223,144.673615,nearest_geology_over_10km (63.158 km)
599,SD 130. 243 m,Queensland,AU,-19.522223,144.673615,nearest_geology_over_10km (63.158 km)
595,SO 216,Queensland,AU,-19.445833,144.766663,nearest_geology_over_10km (66.284 km)
521,Saunders Beach,Queensland,AU,-19.158449,146.610275,nearest_geology_over_10km (102.096 km)
57,"Section HID, Mary Creek, Ukalunda Beds",Queensland,AU,-20.850000,147.166672,nearest_geology_over_10km (88.143 km)
530,"Section HID, Mary Creek, Ukalunda Beds, 0m",Queensland,AU,-20.850000,147.166672,nearest_geology_over_10km (88.143 km)
539,"Section HID, Mary Creek, Ukalunda Beds, 108-111,5m",Queensland,AU,-20.850000,147.166672,nearest_geology_over_10km (88.143 km)
541,"Section HID, Mary Creek, Ukalunda Beds, 111,6m",Queensland,AU,-20.850000,147.166672,nearest_geology_over_10km (88.143 km)
543,"Section HID, Mary Creek, Ukalunda Beds, 112 m",Queensland,AU,-20.850000,147.166672,nearest_geology_over_10km (88.143 km)
542,"Section HID, Mary Creek, Ukalunda Beds, 118,6 m",Queensland,AU,-20.850000,147.166672,nearest_geology_over_10km (88.143 km)
540,"Section HID, Mary Creek, Ukalunda Beds, 90,5m",Queensland,AU,-20.850000,147.166672,nearest_geology_over_10km (88.143 km)
588,Section RUR. 105.4 meters,Queensland,AU,-19.083332,145.500000,nearest_geology_over_10km (114.607 km)
589,Section RUR. 56.6 meters,Queensland,AU,-19.083332,145.500000,nearest_geology_over_10km (114.607 km)
590,Section RUR. 56.8 meters,Queensland,AU,-19.083332,145.500000,nearest_geology_over_10km (114.607 km)
591,Section RUR. 56.9 meters,Queensland,AU,-19.083332,145.500000,nearest_geology_over_10km (114.607 km)
58,"Section SHID, Mary Creek, Ukalunda Beds",Queensland,AU,-20.850000,147.166672,nearest_geology_over_10km (88.143 km)
85,Selwyn Park Sheep Station,Queensland,AU,-22.683332,143.566666,nearest_geology_over_10km (58.888 km)
377,"Silver Hills, Hughenden (QM L349)",Queensland,AU,-20.850000,144.199997,nearest_geology_over_10km (126.026 km)
108,"Silver Hills, Richmond (QM)",Queensland,AU,-20.611340,143.073303,nearest_geology_over_10km (91.816 km)
520,"Site 2, Bluff Downs",Queensland,AU,-19.718611,145.601669,nearest_geology_over_10km (70.274 km)
602,"Snake Creek Tracksite, Karoola",Queensland,AU,-22.087299,142.490997,nearest_geology_over_10km (53.352 km)
358,Sonoma,Queensland,AU,-20.590000,147.929993,nearest_geology_over_10km (46.167 km)
583,South Walker Creek (SW3),Queensland,AU,-21.708883,148.349106,nearest_geology_over_10km (48.435 km)
582,South Walker Creek (SW9),Queensland,AU,-21.708883,148.349106,nearest_geology_over_10km (48.435 km)
585,South Walker Creek (SWCC),Queensland,AU,-21.708883,148.349106,nearest_geology_over_10km (48.435 km)
584,South Walker Creek (SWJ),Queensland,AU,-21.708883,148.349106,nearest_geology_over_10km (48.435 km)
328,"Stewart Park, near Flinders River",Queensland,AU,-20.866667,143.583328,nearest_geology_over_10km (139.737 km)
343,"Stonelumpy Creek, Bowen River coalfield",Queensland,AU,-20.600000,147.800003,nearest_geology_over_10km (49.097 km)
605,Suttor River,Queensland,AU,-21.221571,146.912659,nearest_geology_over_10km (115.452 km)
174,"Telemon lease, Dunluce Station",Queensland,AU,-20.883329,143.800003,nearest_geology_over_10km (149.242 km)
141,Torrento Park Homestead [Allaru Fm],Queensland,AU,-20.833332,143.083328,nearest_geology_over_10km (102.667 km)
149,"Tower Hill, Mutabara [Tambo Series]",Queensland,AU,-22.049999,144.600006,nearest_geology_over_10km (159.042 km)
307,Townsville,Queensland,AU,-19.257500,146.817780,nearest_geology_over_10km (84.739 km)
90,"Triangle Paddock, Elderslie Station (QM F7880)",Queensland,AU,-22.216667,142.483337,nearest_geology_over_10km (57.261 km)
89,"Triangle Paddock, Elderslie Station (QM L313)",Queensland,AU,-22.250000,142.483337,nearest_geology_over_10km (53.669 km)
305,"UDC1, Lyra Park",Queensland,AU,-23.250000,148.500000,nearest_geology_over_10km (58.199 km)
193,"UQ L1363, Rosella Creek, Havilah",Queensland,AU,-20.820000,147.858002,nearest_geology_over_10km (24.863 km)
357,"UQ L1366, Havilah",Queensland,AU,-20.820000,147.839996,nearest_geology_over_10km (26.016 km)
249,"UQ L1367, Parrot Creek",Queensland,AU,-20.790001,147.750000,nearest_geology_over_10km (34.925 km)
250,"UQ L1368, Mulgrave Cattle Yards",Queensland,AU,-20.850000,147.759995,nearest_geology_over_10km (29.993 km)
251,"UQ L1377, Pelican Creek",Queensland,AU,-20.820000,147.845001,nearest_geology_over_10km (25.687 km)
338,"UQ L1379, Gattonvale Homestead",Queensland,AU,-20.770000,147.949997,nearest_geology_over_10km (26.097 km)
252,"UQ L1384, Bull Creek, Nebo",Queensland,AU,-20.830000,147.699997,nearest_geology_over_10km (36.446 km)
339,"UQ L1399, Gattonvale Homestead",Queensland,AU,-20.770000,147.949997,nearest_geology_over_10km (26.097 km)
337,"UQ L2167, Corduroy Creek",Queensland,AU,-20.549999,147.625000,nearest_geology_over_10km (63.433 km)
310,"UQ L3132, Rosella Creek, Havilah Homestead",Queensland,AU,-20.834999,147.850006,nearest_geology_over_10km (24.070 km)
253,"UQ L3133, Corduroy Creek",Queensland,AU,-20.549999,147.625000,nearest_geology_over_10km (63.433 km)
189,"UQ L3134, Parrot Creek, Mulgrave Yards",Queensland,AU,-20.788000,147.746002,nearest_geology_over_10km (35.383 km)
192,"UQ L3135, Little Charwell Creek",Queensland,AU,-22.110001,148.179993,nearest_geology_over_10km (22.219 km)
254,"UQ L3136, Wollombi Station",Queensland,AU,-22.950001,148.283005,nearest_geology_over_10km (29.501 km)
255,"UQ L3543, Parrot Creek, Mulgrave Yards",Queensland,AU,-20.788000,147.746002,nearest_geology_over_10km (35.383 km)
287,"UQ L3702, Gebbie Creek",Queensland,AU,-20.737000,147.947998,nearest_geology_over_10km (29.739 km)
288,"UQ L3706, Gebbie Creek pipeline",Queensland,AU,-20.719999,147.929993,nearest_geology_over_10km (31.973 km)
289,"UQ L3714, Bowen River, Exmoor Homestead",Queensland,AU,-20.945000,148.132507,nearest_geology_over_10km (15.056 km)
290,"UQ L3719, Exmoor Homestead",Queensland,AU,-20.927000,148.125000,nearest_geology_over_10km (15.309 km)
292,"UQ L3722, Exmoor Homestead",Queensland,AU,-20.930000,148.126999,nearest_geology_over_10km (15.313 km)
291,"UQ L3723, Exmoor Homestead",Queensland,AU,-20.930000,148.126999,nearest_geology_over_10km (15.313 km)
60,"UQ L3725, Exmoor Homestead",Queensland,AU,-20.976000,148.167007,nearest_geology_over_10km (17.542 km)
256,"UQ L3727, Exmoor Homestead",Queensland,AU,-20.788000,147.746002,nearest_geology_over_10km (35.383 km)
279,"UQ L4633, Exmoor Homestead",Queensland,AU,-20.928499,148.125504,nearest_geology_over_10km (15.265 km)
280,"UQ L4634, Exmoor Homestead",Queensland,AU,-20.927999,148.126495,nearest_geology_over_10km (15.382 km)
281,"UQ L4635, Exmoor Homestead",Queensland,AU,-20.928301,148.125702,nearest_geology_over_10km (15.295 km)
282,"UQ L4637, Bowen River, Exmoor Homestead",Queensland,AU,-20.950001,148.134995,nearest_geology_over_10km (15.078 km)
257,"UQ L4639, Bowen River, Exmoor Homestead",Queensland,AU,-20.934099,148.122696,nearest_geology_over_10km (14.697 km)
258,"UQ L4640, Bowen River, Exmoor Homestead",Queensland,AU,-20.934500,148.123199,nearest_geology_over_10km (14.720 km)
259,"UQ L4641, Bowen River, Exmoor Homestead",Queensland,AU,-20.935200,148.123596,nearest_geology_over_10km (14.718 km)
283,"UQ L4642, Bowen River, Exmoor Homestead",Queensland,AU,-20.934500,148.123001,nearest_geology_over_10km (14.702 km)
260,"UQ L4643, Bowen River, Exmoor Homestead",Queensland,AU,-20.943001,148.130997,nearest_geology_over_10km (15.006 km)
284,"UQ L4644, Exmoor Homestead",Queensland,AU,-20.948000,148.134506,nearest_geology_over_10km (15.115 km)
261,"UQ L4645, Bowen River, Exmoor Homestead",Queensland,AU,-20.937300,148.125305,nearest_geology_over_10km (14.761 km)
262,"UQ L4646, Bowen River, Exmoor Homestead",Queensland,AU,-20.937700,148.125793,nearest_geology_over_10km (14.785 km)
285,"UQ L4647, Bowen River, Exmoor Homestead",Queensland,AU,-20.937201,148.125198,nearest_geology_over_10km (14.756 km)
263,"UQ L4647, Gebbie Creek",Queensland,AU,-20.735001,147.949997,nearest_geology_over_10km (29.921 km)
264,"UQ L4648, Bowen River, Exmoor Homestead",Queensland,AU,-20.937599,148.124405,nearest_geology_over_10km (14.663 km)
286,"UQ L4649, Bowen River, Exmoor Homestead",Queensland,AU,-20.940001,148.126999,nearest_geology_over_10km (14.778 km)
265,"UQ L4650, Bowen River, Exmoor Homestead",Queensland,AU,-20.938101,148.123901,nearest_geology_over_10km (14.590 km)
266,"UQ L4651, Bowen River, Exmoor Homestead",Queensland,AU,-20.938101,148.123901,nearest_geology_over_10km (14.590 km)
267,"UQ L4652, Bowen River, Exmoor Homestead",Queensland,AU,-20.938101,148.123901,nearest_geology_over_10km (14.590 km)
268,"UQ L4653, Bowen River, Exmoor Homestead",Queensland,AU,-20.938101,148.123901,nearest_geology_over_10km (14.590 km)
269,"UQ L4654, Bowen River, Exmoor Homestead",Queensland,AU,-20.937700,148.126495,nearest_geology_over_10km (14.849 km)
270,"UQ L949, Parrot Creek, Havilah Homestead",Queensland,AU,-20.788000,147.746002,nearest_geology_over_10km (35.383 km)
72,"UQL5209, Burges Fmn crinoids, Broken River Group, N Queensland",Queensland,AU,-19.000000,145.000000,nearest_geology_over_10km (111.195 km)
74,"UQL5234, Dosey Lst crinoids, Broken River Group, N Queensland",Queensland,AU,-19.000000,145.000000,nearest_geology_over_10km (111.195 km)
73,"UQL5372, Burges Fmn crinoids, Broken River Group, N Queensland",Queensland,AU,-19.000000,145.000000,nearest_geology_over_10km (111.195 km)
276,"Upper Cooper Creek, Mt. Robert, Homevale",Queensland,AU,-21.450001,148.500000,nearest_geology_over_10km (72.040 km)
71,"Upper Martins Well Lst crinoids, Shield Creek Fmn, Martins Wells, N Queensland",Queensland,AU,-19.000000,145.000000,nearest_geology_over_10km (111.195 km)
186,Vellum Downs,Queensland,AU,-21.666668,143.666672,nearest_geology_over_10km (78.160 km)
139,Warriana bore [Allaru Fm],Queensland,AU,-21.166668,143.916672,nearest_geology_over_10km (132.551 km)
154,Wellshot [Tambo Series],Queensland,AU,-23.900000,144.449997,nearest_geology_over_10km (49.646 km)
551,Wyandotte Creek (Unit A),Queensland,AU,-18.770000,144.854996,nearest_geology_over_10km (132.157 km)
554,Wyandotte Creek (Unit B),Queensland,AU,-18.770000,144.854996,nearest_geology_over_10km (132.157 km)
553,Wyandotte Creek (float specimens),Queensland,AU,-18.770000,144.854996,nearest_geology_over_10km (132.157 km)
626,"Wyangaria Station, Hughenden area",Queensland,AU,-20.838057,143.602783,nearest_geology_over_10km (143.480 km)
323,"Y1, CPA21, Bowen River Coalfield",Queensland,AU,-20.549999,147.649994,nearest_geology_over_10km (61.870 km)
324,"Y2, Pelican Creek, Bowen River Coalfield",Queensland,AU,-20.549999,147.649994,nearest_geology_over_10km (61.870 km)
375,Yambore Creek,Queensland,AU,-20.700001,142.070007,nearest_geology_over_10km (40.382 km)
183,"Yambore Creek, near Maxwelton",Queensland,AU,-20.716667,142.666672,nearest_geology_over_10km (59.613 km)
147,Yandamah Creek [Tambo Series],Queensland,AU,-20.850000,144.199997,nearest_geology_over_10km (126.026 km)
627,~70m west of old road crossing of Digger's Creek,Queensland,AU,-19.000000,144.666672,nearest_geology_over_10km (114.396 km)
